game_id,game_date,team_id,team_name_ko,opp_team_id,opp_team_name_ko,team_Cluster,team_PTI_BAND,opp_Cluster,opp_PTI_BAND,team_score,opp_score,TSS,SGP,PTI,dTSS,dSGP,dPTI,win,draw,loss,result_pts
126283,2024-03-01 5:00,2354,울산 HD FC,4639,포항 스틸러스,2,HIGH PTI,0,MID PTI,1,0,68.49810258,49.8853266,57.93576779,9.354341114,13.15284794,12.91649191,1,0,0,3
126284,2024-03-01 7:30,4640,전북 현대 모터스,4657,대전 하나 시티즌,1,LOW PTI,1,LOW PTI,1,1,91.27382954,57.36441176,70.01044084,42.27352412,31.86702533,36.60774161,0,1,0,1
126285,2024-03-02 5:00,4648,광주FC,316,FC서울,2,HIGH PTI,0,MID PTI,2,0,65.29342421,40.87388063,49.9544816,6.249202788,6.407794829,6.751096312,1,0,0,3
126286,2024-03-02 7:30,4646,인천 유나이티드,4220,수원FC,1,LOW PTI,2,HIGH PTI,0,1,79.95658232,43.9870362,56.3848602,29.87550565,19.55617889,23.5311558,0,0,1,0
126287,2024-03-02 7:30,4643,강원FC,4641,제주SK FC,0,MID PTI,0,MID PTI,1,1,56.34044769,42.3355149,48.6823118,1.94281872,9.772564566,8.240145803,0,1,0,1
126288,2024-03-03 5:00,4644,대구FC,2353,김천 상무 프로축구단,0,LOW PTI,2,HIGH PTI,0,1,34.98708714,42.34280904,42.9022221,-20.20362532,12.90595495,4.712668898,0,0,1,0
126289,2024-03-09 5:00,4220,수원FC,4640,전북 현대 모터스,2,HIGH PTI,1,LOW PTI,1,1,100,83.55799334,93.05009649,41.92610822,50.12220329,50.92286674,0,1,0,1
126290,2024-03-09 7:30,4639,포항 스틸러스,4644,대구FC,0,MID PTI,0,LOW PTI,3,1,69.5112116,39.3270848,49.87639762,16.9497983,8.571362656,11.35825707,1,0,0,3
126291,2024-03-09 7:30,2353,김천 상무 프로축구단,2354,울산 HD FC,2,HIGH PTI,2,HIGH PTI,2,3,49.27070285,35.40137879,41.2934296,-5.189532268,0.640033809,-0.900946826,0,0,1,0
126292,2024-03-10 5:00,4641,제주SK FC,4657,대전 하나 시티즌,0,MID PTI,1,LOW PTI,3,1,45.76541382,23.42193286,30.88797557,-7.175192043,-7.073698653,-7.527614014,1,0,0,3
126294,2024-03-10 7:00,316,FC서울,4646,인천 유나이티드,0,MID PTI,1,LOW PTI,0,0,77.05451407,19.43455072,36.21864451,19.64999566,-10.39231698,-2.878602708,0,1,0,1
126293,2024-03-10 7:30,4648,광주FC,4643,강원FC,2,HIGH PTI,0,MID PTI,4,2,33.70284608,32.15339966,34.51149683,-25.34137534,-2.312686145,-8.69188846,1,0,0,3
126295,2024-03-16 5:00,4657,대전 하나 시티즌,4643,강원FC,1,LOW PTI,0,MID PTI,1,1,49.03170025,28.52596703,35.80173889,2.306666155,5.585412466,5.033710978,0,1,0,1
126296,2024-03-16 7:30,4644,대구FC,4220,수원FC,0,LOW PTI,2,HIGH PTI,1,1,84.72515479,39.25612482,53.94271486,29.53444233,9.81927073,15.75316166,0,1,0,1
126297,2024-03-16 7:30,316,FC서울,4641,제주SK FC,0,MID PTI,0,MID PTI,2,0,71.18110759,18.87858273,34.18836346,13.77658918,-10.94828497,-4.908883756,1,0,0,3
126299,2024-03-17 5:00,2353,김천 상무 프로축구단,4640,전북 현대 모터스,2,HIGH PTI,1,LOW PTI,1,0,69.83781087,10.08150229,26.88063603,15.37757576,-24.67984269,-15.3137404,1,0,0,3
126298,2024-03-17 5:00,4639,포항 스틸러스,4648,광주FC,0,MID PTI,2,HIGH PTI,1,0,43.49625586,24.92541627,31.4598672,-9.065157441,-5.830305877,-7.058273345,1,0,0,3
126300,2024-03-17 7:30,2354,울산 HD FC,4646,인천 유나이티드,2,HIGH PTI,1,LOW PTI,3,3,67.77402743,67.56768377,71.69669288,8.630265966,30.83520512,26.677417,0,1,0,1
126302,2024-03-30 5:00,4646,인천 유나이티드,4657,대전 하나 시티즌,1,LOW PTI,1,LOW PTI,2,0,34.7063671,25.96834714,29.90139434,-15.37470957,1.537489819,-2.952310065,1,0,0,3
126301,2024-03-30 5:00,4640,전북 현대 모터스,2354,울산 HD FC,1,LOW PTI,2,HIGH PTI,2,2,54.92093428,33.88611178,41.62836315,5.920628859,8.388725349,8.22566391,0,1,0,1
126303,2024-03-30 7:30,4641,제주SK FC,4639,포항 스틸러스,0,MID PTI,0,MID PTI,0,2,69.48400185,26.56535454,39.79587804,16.54339598,-3.930276975,1.380288455,0,0,1,0
126304,2024-03-30 7:30,4220,수원FC,2353,김천 상무 프로축구단,2,HIGH PTI,2,HIGH PTI,1,4,43.24566139,42.1035901,44.95112102,-14.82823039,8.667800057,2.823891274,0,0,1,0
126305,2024-03-31 5:00,4643,강원FC,316,FC서울,0,MID PTI,0,MID PTI,1,1,50.64514656,50.90896681,53.90636486,-3.752482409,18.34601648,13.46419886,0,1,0,1
126306,2024-03-31 7:30,4648,광주FC,4644,대구FC,2,HIGH PTI,0,LOW PTI,1,2,85.30661191,45.49636915,59.02584287,26.26239049,11.03028335,15.82245758,0,0,1,0
126308,2024-04-02 10:30,4657,대전 하나 시티즌,2354,울산 HD FC,1,LOW PTI,2,HIGH PTI,2,0,54.76754711,14.23776009,26.07787559,8.042513008,-8.702794478,-4.690152325,1,0,0,3
126307,2024-04-02 10:30,4639,포항 스틸러스,4220,수원FC,0,MID PTI,2,HIGH PTI,1,1,60.04531181,47.94108795,54.11078785,7.483898508,17.1853658,15.5926473,0,1,0,1
126312,2024-04-03 10:30,4643,강원FC,4644,대구FC,0,MID PTI,0,LOW PTI,3,0,60.23300075,32.13065709,41.68208243,5.835371785,-0.432293241,1.239916433,1,0,0,3
126309,2024-04-03 10:30,4648,광주FC,4646,인천 유나이티드,2,HIGH PTI,1,LOW PTI,2,3,62.5279813,60.75383057,64.89689726,3.483759874,26.28774476,21.69351197,0,0,1,0
126311,2024-04-03 10:30,4641,제주SK FC,4640,전북 현대 모터스,0,MID PTI,1,LOW PTI,2,0,40.47330459,43.11869727,45.00117994,-12.46730128,12.62306576,6.58559035,1,0,0,3
126310,2024-04-03 10:30,316,FC서울,2353,김천 상무 프로축구단,0,MID PTI,2,HIGH PTI,5,1,79.10230627,41.62421226,54.28835301,21.69778786,11.79734456,15.1911058,1,0,0,3
126313,2024-04-06 5:00,2354,울산 HD FC,4220,수원FC,2,HIGH PTI,2,HIGH PTI,3,0,80.20829147,50.57371333,61.65208852,21.06453001,13.84123468,16.63281264,1,0,0,3
126314,2024-04-06 7:30,4646,인천 유나이티드,4641,제주SK FC,1,LOW PTI,0,MID PTI,0,1,40.00976027,29.00618013,33.73622313,-10.0713164,4.575322815,0.882518727,0,0,1,0
126315,2024-04-06 7:30,2353,김천 상무 프로축구단,4648,광주FC,2,HIGH PTI,2,HIGH PTI,2,1,44.00243863,29.81409914,35.45577845,-10.45779649,-4.947245836,-6.738597982,1,0,0,3
126317,2024-04-07 5:00,4644,대구FC,316,FC서울,0,LOW PTI,0,MID PTI,0,0,17.05571223,3.520333477,7.400053924,-38.13500023,-25.91652061,-30.78949928,0,1,0,1
126316,2024-04-07 5:00,4640,전북 현대 모터스,4643,강원FC,1,LOW PTI,0,MID PTI,2,3,29.32324001,21.69980667,25.07353346,-19.67706541,-3.797579756,-8.329165778,0,0,1,0
126318,2024-04-07 7:30,4657,대전 하나 시티즌,4639,포항 스틸러스,1,LOW PTI,0,MID PTI,1,2,39.48172742,6.367154679,15.72361042,-7.243306683,-16.57339989,-15.04441749,0,0,1,0
126320,2024-04-13 5:00,316,FC서울,4639,포항 스틸러스,0,MID PTI,0,MID PTI,2,4,67.66805049,44.43714369,53.41047471,10.26353208,14.610276,14.31322749,0,0,1,0
126319,2024-04-13 5:00,4640,전북 현대 모터스,4648,광주FC,1,LOW PTI,2,HIGH PTI,2,1,59.60700686,23.70296154,34.86027793,10.60670144,-1.794424893,1.457578693,1,0,0,3
126321,2024-04-13 7:30,2354,울산 HD FC,4643,강원FC,2,HIGH PTI,0,MID PTI,4,0,44.57975802,55.91327606,56.21292817,-14.56400345,19.1807974,11.19365229,1,0,0,3
126322,2024-04-13 7:30,4641,제주SK FC,2353,김천 상무 프로축구단,0,MID PTI,2,HIGH PTI,0,2,67.77238501,25.30138945,38.33442444,14.83177914,-5.194242064,-0.081165144,0,0,1,0
126323,2024-04-14 5:00,4220,수원FC,4657,대전 하나 시티즌,2,HIGH PTI,1,LOW PTI,1,0,40.06199006,16.52301313,23.89710509,-18.01190173,-16.91277691,-18.23012465,1,0,0,3
126324,2024-04-14 7:30,4646,인천 유나이티드,4644,대구FC,1,LOW PTI,0,LOW PTI,1,1,76.47974099,30.28059069,44.62395113,26.39866433,5.849733375,11.77024673,0,1,0,1
126326,2024-04-20 5:00,4220,수원FC,4641,제주SK FC,2,HIGH PTI,0,MID PTI,2,1,79.24830089,46.03211889,57.80718019,21.17440911,12.59632884,15.67995045,1,0,0,3
126327,2024-04-20 7:30,4639,포항 스틸러스,2353,김천 상무 프로축구단,0,MID PTI,2,HIGH PTI,0,0,53.46630702,32.1625302,39.87375615,0.904893716,1.406808051,1.355615604,0,1,0,1
126328,2024-04-20 7:30,316,FC서울,4640,전북 현대 모터스,0,MID PTI,1,LOW PTI,2,3,22.03789512,28.42740793,28.40977747,-35.36662329,-1.399459765,-10.68746975,0,0,1,0
126329,2024-04-21 5:00,4643,강원FC,4646,인천 유나이티드,0,MID PTI,1,LOW PTI,4,1,55.7548002,38.64388306,45.60973078,1.357171233,6.080932733,5.167564784,1,0,0,3
126330,2024-04-21 7:30,4644,대구FC,4657,대전 하나 시티즌,0,LOW PTI,1,LOW PTI,0,0,47.9824703,15.99557334,25.6268952,-7.208242162,-13.44128075,-12.562658,0,1,0,1
126331,2024-04-27 5:00,4657,대전 하나 시티즌,316,FC서울,1,LOW PTI,0,MID PTI,3,1,16.59557107,22.201029,22.0205068,-30.12946303,-0.739525562,-8.747521117,1,0,0,3
126333,2024-04-27 7:30,2353,김천 상무 프로축구단,4643,강원FC,2,HIGH PTI,0,MID PTI,1,0,40.37174501,37.40361331,40.4626056,-14.0884901,2.64226833,-1.731770826,1,0,0,3
126332,2024-04-27 7:30,4648,광주FC,4220,수원FC,2,HIGH PTI,2,HIGH PTI,1,2,64.55243248,43.72369721,52.00313471,5.508211057,9.257611409,8.799749422,0,0,1,0
126334,2024-04-28 5:00,4639,포항 스틸러스,4646,인천 유나이티드,0,MID PTI,1,LOW PTI,0,0,62.17816628,18.79181924,31.68046698,9.616752983,-11.96390291,-6.837673564,0,1,0,1
126335,2024-04-28 5:00,4640,전북 현대 모터스,4644,대구FC,1,LOW PTI,0,LOW PTI,2,2,17.85902565,26.88405332,26.05927496,-31.14127977,1.386666891,-7.343424282,0,1,0,1
126336,2024-04-28 7:30,2354,울산 HD FC,4641,제주SK FC,2,HIGH PTI,0,MID PTI,3,1,49.84471528,63.05751596,63.27863022,-9.299046188,26.32503731,18.25935434,1,0,0,3
126337,2024-04-30 10:30,4657,대전 하나 시티즌,2353,김천 상무 프로축구단,1,LOW PTI,2,HIGH PTI,0,0,47.52636873,27.68584747,34.73073146,0.801334635,4.745292907,3.962703553,0,1,0,1
126338,2024-04-30 10:30,4220,수원FC,316,FC서울,2,HIGH PTI,0,MID PTI,0,2,54.38848004,39.31574741,45.76983549,-3.685411746,5.879957369,3.642605749,0,0,1,0
126342,2024-05-01 10:00,4643,강원FC,4639,포항 스틸러스,0,MID PTI,0,MID PTI,2,4,57.71150725,65.95063131,67.69380123,3.313878283,33.38768098,27.25163523,0,0,1,0
126341,2024-05-01 10:00,4641,제주SK FC,4648,광주FC,0,MID PTI,2,HIGH PTI,1,3,48.14901272,35.56640787,41.11976107,-4.791593144,5.070776358,2.704171485,0,0,1,0
126340,2024-05-01 10:00,4646,인천 유나이티드,4640,전북 현대 모터스,1,LOW PTI,1,LOW PTI,3,0,44.93869409,31.47473925,37.02024761,-5.142382579,7.043881929,4.166543207,1,0,0,3
126339,2024-05-01 10:00,4644,대구FC,2354,울산 HD FC,0,LOW PTI,2,HIGH PTI,1,2,67.55239783,39.85496106,49.76230858,12.36168537,10.41810697,11.57275537,0,0,1,0
126343,2024-05-04 5:30,316,FC서울,2354,울산 HD FC,0,MID PTI,2,HIGH PTI,0,1,38.77635792,32.86419899,36.44725283,-18.62816049,3.037331299,-2.649994381,0,0,1,0
126344,2024-05-04 7:30,4639,포항 스틸러스,4640,전북 현대 모터스,0,MID PTI,1,LOW PTI,1,0,50.4168512,58.73978476,60.02556338,-2.144562105,27.98406262,21.50742283,1,0,0,3
126345,2024-05-05 5:00,4220,수원FC,4643,강원FC,2,HIGH PTI,0,MID PTI,1,2,55.30173237,38.92196913,45.70646894,-2.772159413,5.486179088,3.579239197,0,0,1,0
126346,2024-05-05 7:30,2353,김천 상무 프로축구단,4646,인천 유나이티드,2,HIGH PTI,1,LOW PTI,2,2,74.97684256,40.16189964,52.01628961,20.51660744,5.400554663,9.821913183,0,1,0,1
126347,2024-05-06 5:00,4641,제주SK FC,4644,대구FC,0,MID PTI,0,LOW PTI,1,0,34.71239359,45.429482,45.26417863,-18.22821227,14.93385049,6.84858904,1,0,0,3
126348,2024-05-06 7:30,4648,광주FC,4657,대전 하나 시티즌,2,HIGH PTI,1,LOW PTI,2,1,69.51700362,43.1346569,52.88337711,10.4727822,8.66857109,9.679991821,1,0,0,3
126349,2024-05-11 7:30,4646,인천 유나이티드,316,FC서울,1,LOW PTI,0,MID PTI,1,2,61.69327054,21.08699004,33.36071563,11.61219388,-3.343867277,0.507011225,0,0,1,0
126350,2024-05-11 10:00,4644,대구FC,4648,광주FC,0,LOW PTI,2,HIGH PTI,3,2,60.16746705,22.41784592,33.99776537,4.976754596,-7.019008165,-4.191787832,1,0,0,3
126351,2024-05-11 10:00,4643,강원FC,4657,대전 하나 시티즌,0,MID PTI,1,LOW PTI,3,3,44.28434253,42.47287584,45.52404546,-10.11328644,9.909925505,5.081879466,0,1,0,1
126352,2024-05-12 5:00,4640,전북 현대 모터스,4220,수원FC,1,LOW PTI,2,HIGH PTI,2,3,80.77175048,31.0975692,46.43176326,31.77144506,5.600182774,13.02906403,0,0,1,0
126354,2024-05-12 7:30,4639,포항 스틸러스,4641,제주SK FC,0,MID PTI,0,MID PTI,1,1,84.93700918,44.20487694,57.90628984,32.37559588,13.44915479,19.38814929,0,1,0,1
126353,2024-05-12 7:30,2354,울산 HD FC,2353,김천 상무 프로축구단,2,HIGH PTI,2,HIGH PTI,2,2,42.19334114,36.92788334,40.58067488,-16.95042032,0.195404688,-4.438600996,0,1,0,1
126325,2024-05-15 7:30,4648,광주FC,2354,울산 HD FC,2,HIGH PTI,2,HIGH PTI,2,1,74.09965628,39.23939648,51.05045528,15.05543486,4.773310679,7.847069991,1,0,0,3
126355,2024-05-18 7:30,4657,대전 하나 시티즌,4646,인천 유나이티드,1,LOW PTI,1,LOW PTI,0,1,43.88326341,33.94632212,38.68515207,-2.841770687,11.00576756,7.917124161,0,0,1,0
126357,2024-05-18 10:00,2353,김천 상무 프로축구단,4641,제주SK FC,2,HIGH PTI,0,MID PTI,1,0,55.12152725,40.44298327,46.85821485,0.661292132,5.681638291,4.663838417,1,0,0,3
126358,2024-05-19 7:30,316,FC서울,4644,대구FC,0,MID PTI,0,LOW PTI,1,2,47.1422918,37.75617009,42.57541584,-10.26222661,7.929302395,3.478168623,0,0,1,0
126359,2024-05-19 7:30,4643,강원FC,2354,울산 HD FC,0,MID PTI,2,HIGH PTI,1,0,58.82072205,17.47877142,29.73432237,4.423093082,-15.08417891,-10.70784362,1,0,0,3
126356,2024-05-19 7:30,4648,광주FC,4640,전북 현대 모터스,2,HIGH PTI,1,LOW PTI,0,3,35.64218682,75.00764307,68.86288125,-23.4020346,40.54155727,25.65949596,0,0,1,0
126360,2024-05-19 10:00,4220,수원FC,4639,포항 스틸러스,2,HIGH PTI,0,MID PTI,1,0,92.8809055,26.27234555,45.90415875,34.80701371,-7.163444492,3.776929013,1,0,0,3
126361,2024-05-25 5:00,4640,전북 현대 모터스,2353,김천 상무 프로축구단,1,LOW PTI,2,HIGH PTI,0,0,60.70541733,20.38139024,32.53610243,11.70511191,-5.115996193,-0.866596807,0,1,0,1
126362,2024-05-25 7:30,2354,울산 HD FC,4657,대전 하나 시티즌,2,HIGH PTI,1,LOW PTI,4,1,82.43103571,97.03302013,98.92582817,23.28727424,60.30054147,53.90655229,1,0,0,3
126364,2024-05-25 10:00,4646,인천 유나이티드,4648,광주FC,1,LOW PTI,2,HIGH PTI,1,1,29.48263596,19.02091492,23.00220794,-20.5984407,-5.409942395,-9.851496464,0,1,0,1
126363,2024-05-25 10:00,4639,포항 스틸러스,316,FC서울,0,MID PTI,0,MID PTI,2,2,56.17117405,10.64140887,23.61951016,3.60976075,-20.11431327,-14.89863039,0,1,0,1
126365,2024-05-26 7:30,4644,대구FC,4643,강원FC,0,LOW PTI,0,MID PTI,1,2,69.55323091,18.78768871,33.67553365,14.36251845,-10.64916537,-4.514019557,0,0,1,0
126366,2024-05-26 10:00,4641,제주SK FC,4220,수원FC,0,MID PTI,2,HIGH PTI,1,0,53.8848193,46.11006396,50.99628578,0.944213436,15.61443245,12.58069619,1,0,0,3
126368,2024-05-28 10:30,2353,김천 상무 프로축구단,316,FC서울,2,HIGH PTI,0,MID PTI,0,0,31.01870045,39.14329528,39.30150436,-23.44153466,4.381950299,-2.892872074,0,1,0,1
126367,2024-05-28 10:30,4648,광주FC,4639,포항 스틸러스,2,HIGH PTI,0,MID PTI,0,1,61.5956091,46.02095578,53.01524464,2.551387678,11.55486997,9.811859351,0,0,1,0
126369,2024-05-29 10:30,4646,인천 유나이티드,2354,울산 HD FC,1,LOW PTI,2,HIGH PTI,1,1,41.51896256,29.85122014,34.8121632,-8.562114109,5.420362823,1.958458795,0,1,0,1
126372,2024-05-29 10:30,4643,강원FC,4640,전북 현대 모터스,0,MID PTI,1,LOW PTI,2,1,44.73380852,35.52851201,40.16447472,-9.663820452,2.965561684,-0.277691274,1,0,0,3
126370,2024-05-29 10:30,4657,대전 하나 시티즌,4641,제주SK FC,1,LOW PTI,0,MID PTI,0,1,75.53411084,46.01323713,56.78588976,28.80907674,23.07268257,26.01786185,0,0,1,0
126371,2024-05-29 10:30,4220,수원FC,4644,대구FC,2,HIGH PTI,0,LOW PTI,2,0,63.68976013,53.5015571,59.48729218,5.615868348,20.06576705,17.36006244,1,0,0,3
126373,2024-06-01 7:30,2354,울산 HD FC,4640,전북 현대 모터스,2,HIGH PTI,1,LOW PTI,1,0,67.48461216,31.19176773,42.90587045,8.340850697,-5.540710926,-2.113405425,1,0,0,3
126375,2024-06-01 10:00,2353,김천 상무 프로축구단,4639,포항 스틸러스,2,HIGH PTI,0,MID PTI,3,1,47.31120675,26.53994943,33.76794633,-7.149028365,-8.221395548,-8.426430103,1,0,0,3
126374,2024-06-01 10:00,4220,수원FC,4646,인천 유나이티드,2,HIGH PTI,1,LOW PTI,3,1,60.12920548,30.74767521,40.56233681,2.055313695,-2.688114831,-1.56489293,1,0,0,3
126376,2024-06-02 7:30,4657,대전 하나 시티즌,4644,대구FC,1,LOW PTI,0,LOW PTI,1,0,15.32614138,23.89613143,23.01453161,-31.39889272,0.955576871,-7.753496301,1,0,0,3
126377,2024-06-02 7:30,4641,제주SK FC,4643,강원FC,0,MID PTI,0,MID PTI,1,2,42.54591186,35.22405595,39.33133369,-10.39469401,4.728424439,0.915744099,0,0,1,0
126378,2024-06-02 10:00,316,FC서울,4648,광주FC,0,MID PTI,2,HIGH PTI,1,2,49.95442658,39.93422334,45.05657493,-7.450091832,10.10735564,5.959327715,0,0,1,0
126379,2024-06-15 9:00,4639,포항 스틸러스,4657,대전 하나 시티즌,0,MID PTI,1,LOW PTI,1,1,70.90606128,50.02470653,58.69823758,18.34464798,19.26898439,20.18009703,0,1,0,1
126380,2024-06-15 10:00,4648,광주FC,2353,김천 상무 프로축구단,2,HIGH PTI,2,HIGH PTI,2,0,70.14683168,50.21279346,58.64098047,11.10261026,15.74670765,15.43759518,1,0,0,3
126381,2024-06-15 11:00,4643,강원FC,4220,수원FC,0,MID PTI,2,HIGH PTI,3,1,56.36650911,49.76578942,54.55427136,1.968880144,17.20283909,14.11210537,1,0,0,3
126383,2024-06-16 9:00,4640,전북 현대 모터스,4646,인천 유나이티드,1,LOW PTI,1,LOW PTI,2,2,67.19975809,40.38078688,50.08180552,18.19945268,14.88340045,16.67910629,0,1,0,1
126382,2024-06-16 9:00,2354,울산 HD FC,316,FC서울,2,HIGH PTI,0,MID PTI,2,2,63.35452247,35.98056741,45.56670996,4.210761004,-0.751911244,0.547434084,0,1,0,1
126384,2024-06-16 10:00,4644,대구FC,4641,제주SK FC,0,LOW PTI,0,MID PTI,1,0,77.00120847,52.87532493,62.59982475,21.81049601,23.43847084,24.41027155,1,0,0,3
126385,2024-06-22 9:00,4644,대구FC,4640,전북 현대 모터스,0,LOW PTI,1,LOW PTI,3,0,44.57833509,46.88528374,49.08652671,-10.61237737,17.44842965,10.89697351,1,0,0,3
126387,2024-06-22 10:00,4643,강원FC,2353,김천 상무 프로축구단,0,MID PTI,2,HIGH PTI,2,3,58.02939416,25.24312322,35.6484998,3.631765188,-7.319827109,-4.793666193,0,0,1,0
126386,2024-06-22 10:00,4657,대전 하나 시티즌,4648,광주FC,1,LOW PTI,2,HIGH PTI,2,1,48.62812189,28.57503031,35.73111327,1.903087794,5.634475745,4.963085359,1,0,0,3
126388,2024-06-22 11:00,316,FC서울,4220,수원FC,0,MID PTI,2,HIGH PTI,3,0,65.03903037,38.32768341,47.87577579,7.634511962,8.50081571,8.778528579,1,0,0,3
126390,2024-06-23 9:00,4641,제주SK FC,2354,울산 HD FC,0,MID PTI,2,HIGH PTI,2,3,28.3711588,29.83616983,31.23779131,-24.56944707,-0.65946168,-7.177798281,0,0,1,0
126389,2024-06-23 9:00,4646,인천 유나이티드,4639,포항 스틸러스,1,LOW PTI,0,MID PTI,1,3,43.08037584,15.44567474,23.86458886,-7.000700831,-8.985182581,-8.989115538,0,0,1,0
126392,2024-06-25 10:30,2353,김천 상무 프로축구단,4657,대전 하나 시티즌,2,HIGH PTI,1,LOW PTI,2,0,49.38944288,43.478423,47.7010123,-5.070792232,8.71707802,5.506635866,1,0,0,3
126391,2024-06-25 10:30,4220,수원FC,4648,광주FC,2,HIGH PTI,2,HIGH PTI,1,0,65.99195283,18.16917801,32.22237397,7.918061048,-15.26661203,-9.904855769,1,0,0,3
126393,2024-06-26 10:30,2354,울산 HD FC,4644,대구FC,2,HIGH PTI,0,LOW PTI,1,0,53.95469183,26.04427532,35.17679881,-5.189069636,-10.68820333,-9.842477066,1,0,0,3
126396,2024-06-26 10:30,4641,제주SK FC,4646,인천 유나이티드,0,MID PTI,1,LOW PTI,1,0,40.26056358,37.88725704,40.81423206,-12.68004229,7.391625532,2.398642473,1,0,0,3
126395,2024-06-26 10:30,316,FC서울,4643,강원FC,0,MID PTI,0,MID PTI,2,0,29.15048507,30.60522546,32.05598987,-28.25403334,0.778357765,-7.041257347,1,0,0,3
126394,2024-06-26 10:30,4640,전북 현대 모터스,4639,포항 스틸러스,1,LOW PTI,0,MID PTI,1,1,44.03422536,39.61063818,43.19703998,-4.966080059,14.11325175,9.794340747,0,1,0,1
126397,2024-06-29 9:00,2353,김천 상무 프로축구단,4644,대구FC,2,HIGH PTI,0,LOW PTI,2,0,83.77577412,58.70071836,69.03356821,29.31553901,23.93937338,26.83919178,1,0,0,3
126398,2024-06-29 10:00,4640,전북 현대 모터스,316,FC서울,1,LOW PTI,0,MID PTI,1,5,47.54862241,25.57640378,33.07172558,-1.451683009,0.079017346,-0.330973657,0,0,1,0
126399,2024-06-29 11:00,4657,대전 하나 시티즌,4220,수원FC,1,LOW PTI,2,HIGH PTI,0,2,67.82766972,32.07747623,43.69793583,21.10263562,9.136921661,12.92990792,0,0,1,0
126400,2024-06-30 9:00,4639,포항 스틸러스,2354,울산 HD FC,0,MID PTI,2,HIGH PTI,2,1,53.79939904,25.9967155,35.09718097,1.237985742,-4.759006651,-3.420959574,1,0,0,3
126402,2024-06-30 10:00,4646,인천 유나이티드,4643,강원FC,1,LOW PTI,0,MID PTI,0,1,38.58299518,17.48369896,24.25465366,-11.49808149,-6.947158358,-8.599050746,0,0,1,0
126401,2024-06-30 10:00,4648,광주FC,4641,제주SK FC,2,HIGH PTI,0,MID PTI,2,1,57.62935712,55.82275046,59.67735714,-1.4148643,21.35666466,16.47397186,1,0,0,3
126403,2024-07-05 10:30,4646,인천 유나이티드,2353,김천 상무 프로축구단,1,LOW PTI,2,HIGH PTI,1,1,52.78333814,27.52401646,36.02740807,2.702261471,3.09315914,3.173703669,0,1,0,1
126404,2024-07-05 10:30,4220,수원FC,2354,울산 HD FC,2,HIGH PTI,2,HIGH PTI,1,1,72.24550403,23.27160759,37.94429169,14.17161224,-10.16418246,-4.182938055,0,1,0,1
126405,2024-07-06 10:00,4641,제주SK FC,316,FC서울,0,MID PTI,0,MID PTI,3,2,21.59132974,32.28107118,31.33056834,-31.34927612,1.785439673,-7.085021251,1,0,0,3
126406,2024-07-06 10:30,4644,대구FC,4639,포항 스틸러스,0,LOW PTI,0,MID PTI,3,3,75.0455876,44.30857335,55.30798791,19.85487514,14.87171927,17.1184347,0,1,0,1
126408,2024-07-07 10:00,4643,강원FC,4648,광주FC,0,MID PTI,2,HIGH PTI,2,0,58.72830471,19.66846203,31.43765776,4.330675741,-12.8944883,-9.00450823,1,0,0,3
126407,2024-07-07 10:00,4657,대전 하나 시티즌,4640,전북 현대 모터스,1,LOW PTI,1,LOW PTI,2,2,43.49303111,26.56292118,32.75151625,-3.232002994,3.622366616,1.983488335,0,1,0,1
126410,2024-07-09 10:30,2353,김천 상무 프로축구단,4220,수원FC,2,HIGH PTI,2,HIGH PTI,2,3,52.2416592,58.24206696,60.1271474,-2.218575915,23.48072198,17.93277097,0,0,1,0
126409,2024-07-09 10:30,4644,대구FC,4646,인천 유나이티드,0,LOW PTI,1,LOW PTI,0,0,56.813039,30.20259449,39.23355198,1.622326537,0.765740406,1.043998779,0,1,0,1
126412,2024-07-10 10:30,4639,포항 스틸러스,4643,강원FC,0,MID PTI,0,MID PTI,2,0,74.11000872,11.4242316,29.09806806,21.54859542,-19.33149055,-9.420072486,1,0,0,3
126414,2024-07-10 10:30,316,FC서울,4657,대전 하나 시티즌,0,MID PTI,1,LOW PTI,2,1,62.5015838,56.08753055,61.20651955,5.097065394,26.26066285,22.10927233,1,0,0,3
126413,2024-07-10 10:30,4640,전북 현대 모터스,4641,제주SK FC,1,LOW PTI,0,MID PTI,2,1,71.02558014,34.30062745,46.31922056,22.02527472,8.803241018,12.91652132,1,0,0,3
126411,2024-07-10 10:30,2354,울산 HD FC,4648,광주FC,2,HIGH PTI,2,HIGH PTI,0,1,74.08062364,50.97839027,60.31117414,14.93686218,14.24591162,15.29189826,0,0,1,0
126415,2024-07-13 10:00,2354,울산 HD FC,316,FC서울,2,HIGH PTI,0,MID PTI,1,0,49.51012087,24.47131992,32.73093793,-9.633640601,-12.26115874,-12.28833795,1,0,0,3
126416,2024-07-13 10:30,4657,대전 하나 시티즌,4643,강원FC,1,LOW PTI,0,MID PTI,1,1,68.56885103,11.41154549,27.58663794,21.84381693,-11.52900907,-3.181389969,0,1,0,1
126417,2024-07-13 10:30,4641,제주SK FC,4639,포항 스틸러스,0,MID PTI,0,MID PTI,2,1,47.28266344,32.71763904,38.63641433,-5.657942425,2.22200753,0.220824745,1,0,0,3
126419,2024-07-14 10:00,4220,수원FC,4644,대구FC,2,HIGH PTI,0,LOW PTI,2,2,84.65543959,55.84037338,67.01417943,26.5815478,22.40458334,24.88694969,0,1,0,1
126420,2024-07-14 10:00,2353,김천 상무 프로축구단,4640,전북 현대 모터스,2,HIGH PTI,1,LOW PTI,4,0,77.75229633,100,100,23.29206121,65.23865502,57.80562357,1,0,0,3
126418,2024-07-14 10:00,4648,광주FC,4646,인천 유나이티드,2,HIGH PTI,1,LOW PTI,0,2,51.83906341,51.20949969,54.46708322,-7.20515801,16.74341388,11.26369793,0,0,1,0
126421,2024-07-20 10:00,4640,전북 현대 모터스,2354,울산 HD FC,1,LOW PTI,2,HIGH PTI,2,0,54.83720854,37.08506813,44.13069181,5.836903118,11.5876817,10.72799257,1,0,0,3
126422,2024-07-20 10:30,4643,강원FC,4641,제주SK FC,0,MID PTI,0,MID PTI,4,0,87.77006735,64.92936255,75.03227251,33.37243838,32.36641222,34.59010652,1,0,0,3
126426,2024-07-21 10:00,4657,대전 하나 시티즌,4639,포항 스틸러스,1,LOW PTI,0,MID PTI,1,2,49.51500867,32.44755381,39.02809948,2.789974572,9.506999243,8.260071568,0,0,1,0
126424,2024-07-21 10:00,4644,대구FC,4648,광주FC,0,LOW PTI,2,HIGH PTI,0,1,61.95876804,32.31492416,42.29513805,6.76805558,2.87807007,4.105584842,0,0,1,0
126423,2024-07-21 10:00,4646,인천 유나이티드,4220,수원FC,1,LOW PTI,2,HIGH PTI,1,4,54.20377468,25.84704569,35.08861142,4.122698016,1.416188371,2.234907017,0,0,1,0
126425,2024-07-21 10:00,316,FC서울,2353,김천 상무 프로축구단,0,MID PTI,2,HIGH PTI,1,0,33.93360027,34.76253276,36.63347413,-23.47091814,4.935665061,-2.463773087,1,0,0,3
126428,2024-07-26 10:30,4643,강원FC,4640,전북 현대 모터스,0,MID PTI,1,LOW PTI,4,2,50.61069412,48.53795278,52.02553016,-3.786934851,15.97500245,11.58336417,1,0,0,3
126427,2024-07-26 10:30,4641,제주SK FC,2354,울산 HD FC,0,MID PTI,2,HIGH PTI,1,0,84.34167905,36.74223559,51.85453488,31.40107318,6.246604082,13.4389453,1,0,0,3
126429,2024-07-27 10:00,4648,광주FC,4220,수원FC,2,HIGH PTI,2,HIGH PTI,1,0,32.0513594,22.74700943,26.63931993,-26.99286202,-11.71907637,-16.56406535,1,0,0,3
126431,2024-07-27 10:30,4646,인천 유나이티드,316,FC서울,1,LOW PTI,0,MID PTI,0,1,45.20560088,24.78459956,31.81187649,-4.875475783,0.353742243,-1.041827914,0,0,1,0
126430,2024-07-27 10:30,4644,대구FC,4657,대전 하나 시티즌,0,LOW PTI,1,LOW PTI,1,1,60.07508382,47.88572851,54.07515823,4.884371358,18.44887442,15.88560502,0,1,0,1
126432,2024-07-28 10:00,4639,포항 스틸러스,2353,김천 상무 프로축구단,0,MID PTI,2,HIGH PTI,1,2,57.54472553,33.66109412,42.16168636,4.983312229,2.905371971,3.643545812,0,0,1,0
126434,2024-08-09 10:30,2353,김천 상무 프로축구단,4643,강원FC,2,HIGH PTI,0,MID PTI,1,2,42.4158272,26.95168819,32.76650342,-12.04440792,-7.80965679,-9.427873015,0,0,1,0
126433,2024-08-09 10:30,4640,전북 현대 모터스,4648,광주FC,1,LOW PTI,2,HIGH PTI,0,1,51.34669698,32.80163506,39.80389367,2.346391565,7.304248633,6.401194434,0,0,1,0
126435,2024-08-10 10:00,2354,울산 HD FC,4644,대구FC,2,HIGH PTI,0,LOW PTI,1,0,47.65940377,34.45948852,40.11337939,-11.48435769,-2.272990133,-4.905896492,1,0,0,3
126436,2024-08-10 10:30,4641,제주SK FC,4646,인천 유나이티드,0,MID PTI,1,LOW PTI,0,1,76.08537121,23.87473481,39.46079453,23.14476535,-6.620896704,1.04520494,0,0,1,0
126437,2024-08-10 10:30,4220,수원FC,4657,대전 하나 시티즌,2,HIGH PTI,1,LOW PTI,1,2,58.56844443,65.29532604,67.40874601,0.494552641,31.85953599,25.28151626,0,0,1,0
126438,2024-08-11 10:00,4639,포항 스틸러스,316,FC서울,0,MID PTI,0,MID PTI,1,2,59.92111504,53.45318579,58.42796994,7.359701743,22.69746365,19.9098294,0,0,1,0
126439,2024-08-16 10:30,4644,대구FC,2353,김천 상무 프로축구단,0,LOW PTI,2,HIGH PTI,3,0,62.63133919,28.09137127,39.1436221,7.440626732,-1.345482819,0.9540689,1,0,0,3
126440,2024-08-16 10:30,316,FC서울,4641,제주SK FC,0,MID PTI,0,MID PTI,1,0,51.46245954,31.67362534,38.94489462,-5.942058873,1.846757649,-0.152352598,1,0,0,3
126441,2024-08-17 10:00,4640,전북 현대 모터스,4639,포항 스틸러스,1,LOW PTI,0,MID PTI,2,1,51.48426704,43.1326444,47.99568848,2.483961618,17.63525797,14.59298925,1,0,0,3
126442,2024-08-17 10:30,4657,대전 하나 시티즌,4646,인천 유나이티드,1,LOW PTI,1,LOW PTI,2,1,77.97340365,19.61626212,36.61105354,31.24836955,-3.324292445,5.843025628,1,0,0,3
126443,2024-08-18 10:00,2354,울산 HD FC,4220,수원FC,2,HIGH PTI,2,HIGH PTI,1,2,35.41693386,28.21118573,31.86425508,-23.72682761,-8.521292924,-13.1550208,0,0,1,0
126444,2024-08-18 10:00,4643,강원FC,4648,광주FC,0,MID PTI,2,HIGH PTI,3,2,36.89219314,45.58520996,45.97773095,-17.50543583,13.02225963,5.535564954,1,0,0,3
126445,2024-08-24 10:00,4639,포항 스틸러스,4644,대구FC,0,MID PTI,0,LOW PTI,1,2,46.32583539,50.11388059,52.10843526,-6.23557791,19.35815844,13.59029471,0,0,1,0
126446,2024-08-24 10:30,4646,인천 유나이티드,4640,전북 현대 모터스,1,LOW PTI,1,LOW PTI,0,1,38.66199807,36.23131241,39.07401146,-11.4190786,11.80045509,6.220307056,0,0,1,0
126447,2024-08-24 10:30,316,FC서울,4643,강원FC,0,MID PTI,0,MID PTI,2,0,75.55382627,47.61889434,58.05861644,18.14930786,17.79202664,18.96136922,1,0,0,3
126450,2024-08-25 10:00,2353,김천 상무 프로축구단,4657,대전 하나 시티즌,2,HIGH PTI,1,LOW PTI,2,2,71.6112275,61.13525773,67.65913819,17.15099239,26.37391275,25.46476176,0,1,0,1
126449,2024-08-25 10:00,4220,수원FC,4641,제주SK FC,2,HIGH PTI,0,MID PTI,5,0,68.4582758,63.61429893,68.76159123,10.38438401,30.17850888,26.63436149,1,0,0,3
126448,2024-08-25 10:00,4648,광주FC,2354,울산 HD FC,2,HIGH PTI,2,HIGH PTI,0,1,62.32053059,37.99853777,46.87937593,3.276309166,3.532451969,3.675990645,0,0,1,0
126451,2024-08-31 10:00,2354,울산 HD FC,4639,포항 스틸러스,2,HIGH PTI,0,MID PTI,5,4,49.56039639,56.65566814,58.14845637,-9.583365074,19.92318949,13.12918049,1,0,0,3
126452,2024-08-31 10:30,4644,대구FC,4646,인천 유나이티드,0,LOW PTI,1,LOW PTI,1,2,31.06614219,33.07605532,34.52533764,-24.12457026,3.639201231,-3.664215567,0,0,1,0
126453,2024-09-01 9:00,4641,제주SK FC,2353,김천 상무 프로축구단,0,MID PTI,2,HIGH PTI,1,0,58.11738508,24.71209949,35.25319151,5.176779211,-5.783532021,-3.162398077,1,0,0,3
126456,2024-09-01 10:00,4643,강원FC,4220,수원FC,0,MID PTI,2,HIGH PTI,2,2,47.12365644,16.27652292,25.61595378,-7.273972532,-16.28642741,-14.82621221,0,1,0,1
126454,2024-09-01 10:00,4640,전북 현대 모터스,316,FC서울,1,LOW PTI,0,MID PTI,0,0,53.68629471,35.68929921,42.71712874,4.685989291,10.19191278,9.314429506,0,1,0,1
126455,2024-09-01 10:00,4657,대전 하나 시티즌,4648,광주FC,1,LOW PTI,2,HIGH PTI,2,0,28.53920646,39.13879613,38.62611628,-18.18582764,16.19824157,7.858088367,1,0,0,3
126458,2024-09-13 10:30,4648,광주FC,4639,포항 스틸러스,2,HIGH PTI,0,MID PTI,2,1,59.42861917,48.12522645,54.08903557,0.384397747,13.65914064,10.88565028,1,0,0,3
126457,2024-09-13 10:30,2354,울산 HD FC,4643,강원FC,2,HIGH PTI,0,MID PTI,2,0,45.42725332,14.35649064,23.64077252,-13.71650814,-22.37598801,-21.37850336,1,0,0,3
126459,2024-09-14 7:30,316,FC서울,4657,대전 하나 시티즌,0,MID PTI,1,LOW PTI,2,3,43.03846594,37.1447229,40.98082433,-14.36605247,7.317855205,1.883577115,0,0,1,0
126461,2024-09-14 10:00,4220,수원FC,4640,전북 현대 모터스,2,HIGH PTI,1,LOW PTI,0,6,35.08077095,20.92198104,26.01962116,-22.99312084,-12.513809,-16.10760858,0,0,1,0
126460,2024-09-14 10:00,4641,제주SK FC,4644,대구FC,0,MID PTI,0,LOW PTI,0,4,59.17434015,43.99850411,50.76281361,6.233734283,13.5028726,12.34722402,0,0,1,0
126462,2024-09-15 7:30,2353,김천 상무 프로축구단,4646,인천 유나이티드,2,HIGH PTI,1,LOW PTI,2,0,56.65239574,35.28750048,43.20366562,2.192160621,0.526155503,1.009289192,1,0,0,3
126463,2024-09-21 7:30,4220,수원FC,2353,김천 상무 프로축구단,2,HIGH PTI,2,HIGH PTI,2,4,71.02757074,29.42170799,42.46870906,12.95367896,-4.014082056,0.341479316,0,0,1,0
126464,2024-09-21 10:00,4644,대구FC,316,FC서울,0,LOW PTI,0,MID PTI,1,1,61.37928404,22.17401466,34.13365393,6.18857158,-7.262839429,-4.055899275,0,1,0,1
126466,2024-09-22 7:30,4648,광주FC,4641,제주SK FC,2,HIGH PTI,0,MID PTI,0,2,61.23857283,22.25623425,34.16042515,2.194351406,-12.20985156,-9.042960141,0,0,1,0
126465,2024-09-22 7:30,4639,포항 스틸러스,4643,강원FC,0,MID PTI,0,MID PTI,2,1,26.89882154,9.180576183,14.53488391,-25.66259176,-21.57514596,-23.98325664,1,0,0,3
126468,2024-09-22 10:00,4657,대전 하나 시티즌,4640,전북 현대 모터스,1,LOW PTI,1,LOW PTI,0,0,42.56602704,14.26302353,22.79172672,-4.159007063,-8.677531036,-7.976301188,0,1,0,1
126467,2024-09-22 10:00,4646,인천 유나이티드,2354,울산 HD FC,1,LOW PTI,2,HIGH PTI,0,0,28.93332802,6.697656301,13.12631852,-21.14774865,-17.73320102,-19.72738588,0,1,0,1
126470,2024-09-27 10:30,4657,대전 하나 시티즌,2354,울산 HD FC,1,LOW PTI,2,HIGH PTI,0,1,45.24371859,41.40247056,44.93909817,-1.481315512,18.46191599,14.17107026,0,0,1,0
126469,2024-09-27 10:30,4639,포항 스틸러스,4646,인천 유나이티드,0,MID PTI,1,LOW PTI,1,0,67.86571515,40.90866741,50.67892045,15.30430185,10.15294526,12.1607799,1,0,0,3
126471,2024-09-28 7:30,4643,강원FC,4644,대구FC,0,MID PTI,0,LOW PTI,1,1,41.47763473,18.68597565,25.98796363,-12.91999424,-13.87697468,-14.45420236,0,1,0,1
126472,2024-09-28 10:00,4640,전북 현대 모터스,4641,제주SK FC,1,LOW PTI,0,MID PTI,2,1,47.43387378,41.59779216,45.68670866,-1.566431638,16.10040573,12.28400942,1,0,0,3
126473,2024-09-28 10:00,2353,김천 상무 프로축구단,4648,광주FC,2,HIGH PTI,2,HIGH PTI,2,0,41.32472032,30.8777393,35.56978863,-13.13551479,-3.883605681,-6.624587802,1,0,0,3
126474,2024-09-29 7:30,316,FC서울,4220,수원FC,0,MID PTI,2,HIGH PTI,1,0,46.4895088,33.53341805,39.06541776,-10.91500961,3.706550358,-0.031829459,1,0,0,3
126475,2024-10-06 6:00,2354,울산 HD FC,2353,김천 상무 프로축구단,2,HIGH PTI,2,HIGH PTI,2,1,29.15953975,27.67346381,29.74433188,-29.98422172,-9.05901484,-15.274944,1,0,0,3
126477,2024-10-06 6:00,4644,대구FC,4640,전북 현대 모터스,0,LOW PTI,1,LOW PTI,4,3,63.74061308,35.4127797,45.22315523,8.549900621,5.975925615,7.033602024,1,0,0,3
126476,2024-10-06 6:00,4648,광주FC,316,FC서울,2,HIGH PTI,0,MID PTI,3,1,54.48025349,34.65999586,42.1198032,-4.563967936,0.193910054,-1.083582084,1,0,0,3
126478,2024-10-06 6:00,4646,인천 유나이티드,4643,강원FC,1,LOW PTI,0,MID PTI,1,3,35.86291962,6.142914251,14.56606986,-14.21815705,-18.28794307,-18.28763454,0,0,1,0
126479,2024-10-06 6:00,4641,제주SK FC,4657,대전 하나 시티즌,0,MID PTI,1,LOW PTI,2,1,50.23349071,73.73607367,71.8128194,-2.707115157,43.24044216,33.39722981,1,0,0,3
126480,2024-10-06 6:00,4639,포항 스틸러스,4220,수원FC,0,MID PTI,2,HIGH PTI,1,1,62.01977202,25.38995755,36.84562142,9.458358715,-5.365764593,-1.672519128,0,1,0,1
126283,2024-03-01 5:00,4639,포항 스틸러스,2354,울산 HD FC,0,MID PTI,2,HIGH PTI,0,1,44.05172783,15.16688833,23.90773075,-8.509685469,-15.58883382,-14.6104098,0,0,1,0
126284,2024-03-01 7:30,4657,대전 하나 시티즌,4640,전북 현대 모터스,1,LOW PTI,1,LOW PTI,1,1,28.2556131,12.53857281,17.55306552,-18.469421,-10.40198175,-13.21496239,0,1,0,1
126285,2024-03-02 5:00,316,FC서울,4648,광주FC,0,MID PTI,2,HIGH PTI,0,2,71.61874868,27.28834709,40.94497887,14.21423027,-2.538520607,1.847731656,0,0,1,0
126286,2024-03-02 7:30,4220,수원FC,4646,인천 유나이티드,2,HIGH PTI,1,LOW PTI,1,0,65.88949087,4.6446647,21.51938089,7.815599089,-28.79112534,-20.60784885,1,0,0,3
126287,2024-03-02 7:30,4641,제주SK FC,4643,강원FC,0,MID PTI,0,MID PTI,1,1,72.46277258,28.27997197,41.95638709,19.52216671,-2.215659536,3.540797506,0,1,0,1
126288,2024-03-03 5:00,2353,김천 상무 프로축구단,4644,대구FC,2,HIGH PTI,0,LOW PTI,1,0,64.85046037,14.00912302,28.62944485,10.39022525,-20.75222196,-13.56493158,1,0,0,3
126289,2024-03-09 5:00,4640,전북 현대 모터스,4220,수원FC,1,LOW PTI,2,HIGH PTI,1,1,44.66745122,9.659087539,19.72712311,-4.332854199,-15.83829889,-13.67557613,0,1,0,1
126290,2024-03-09 7:30,4644,대구FC,4639,포항 스틸러스,0,LOW PTI,0,MID PTI,1,3,55.01313688,17.04376892,28.35927155,-0.177575574,-12.39308516,-9.830281654,0,0,1,0
126291,2024-03-09 7:30,2354,울산 HD FC,2353,김천 상무 프로축구단,2,HIGH PTI,2,HIGH PTI,3,2,79.30861896,33.44761448,47.89026563,20.16485749,-3.284864172,2.870989752,1,0,0,3
126292,2024-03-10 5:00,4657,대전 하나 시티즌,4641,제주SK FC,1,LOW PTI,0,MID PTI,1,3,40.57617011,27.77197189,32.91550511,-6.148863993,4.831417326,2.147477195,0,0,1,0
126294,2024-03-10 7:00,4646,인천 유나이티드,316,FC서울,1,LOW PTI,0,MID PTI,0,0,74.32341994,35.64586861,48.27462591,24.24234328,11.21501129,15.42092151,0,1,0,1
126293,2024-03-10 7:30,4643,강원FC,4648,광주FC,0,MID PTI,2,HIGH PTI,2,4,65.1694636,43.26060657,51.80479493,10.77183464,10.69765624,11.36262894,0,0,1,0
126295,2024-03-16 5:00,4643,강원FC,4657,대전 하나 시티즌,0,MID PTI,1,LOW PTI,1,1,80.99714473,25.70271369,42.23454361,26.59951576,-6.860236637,1.792377614,0,1,0,1
126296,2024-03-16 7:30,4220,수원FC,4644,대구FC,2,HIGH PTI,0,LOW PTI,1,1,87.63915742,41.1935792,56.2615652,29.56526563,7.757789156,14.13433546,0,1,0,1
126297,2024-03-16 7:30,4641,제주SK FC,316,FC서울,0,MID PTI,0,MID PTI,0,2,53.02940558,11.7109392,23.61243186,0.088799719,-18.78469231,-14.80315773,0,0,1,0
126299,2024-03-17 5:00,4640,전북 현대 모터스,2353,김천 상무 프로축구단,1,LOW PTI,2,HIGH PTI,0,1,59.57799297,12.73423677,26.19453276,10.57768755,-12.76314966,-7.208166481,0,0,1,0
126298,2024-03-17 5:00,4648,광주FC,4639,포항 스틸러스,2,HIGH PTI,0,MID PTI,0,1,77.69118371,7.647471866,27.08732412,18.64696228,-26.81861394,-16.11606116,0,0,1,0
126300,2024-03-17 7:30,4646,인천 유나이티드,2354,울산 HD FC,1,LOW PTI,2,HIGH PTI,3,3,57.19105868,31.93189287,40.70095679,7.109982015,7.501035555,7.847252391,0,1,0,1
126302,2024-03-30 5:00,4657,대전 하나 시티즌,4646,인천 유나이티드,1,LOW PTI,1,LOW PTI,0,2,72.48141537,24.54296018,39.01172337,25.75638127,1.602405616,8.24369546,0,0,1,0
126301,2024-03-30 5:00,2354,울산 HD FC,4640,전북 현대 모터스,2,HIGH PTI,1,LOW PTI,2,2,74.20577058,38.63544355,50.60249284,15.06200911,1.902964898,5.583216962,0,1,0,1
126303,2024-03-30 7:30,4639,포항 스틸러스,4641,제주SK FC,0,MID PTI,0,MID PTI,2,0,42.98227795,35.72855312,39.84778222,-9.57913535,4.97283097,1.329641676,1,0,0,3
126304,2024-03-30 7:30,2353,김천 상무 프로축구단,4220,수원FC,2,HIGH PTI,2,HIGH PTI,4,1,44.67505471,24.34460873,31.32082562,-9.785180409,-10.41673625,-10.87355082,1,0,0,3
126305,2024-03-31 5:00,316,FC서울,4643,강원FC,0,MID PTI,0,MID PTI,1,1,68.22313095,14.7738592,30.14691932,10.81861254,-15.05300849,-8.95032789,0,1,0,1
126306,2024-03-31 7:30,4644,대구FC,4648,광주FC,0,LOW PTI,2,HIGH PTI,2,1,85.88578891,25.04706118,43.0416344,30.69507645,-4.389792913,4.8520812,1,0,0,3
126308,2024-04-02 10:30,2354,울산 HD FC,4657,대전 하나 시티즌,2,HIGH PTI,1,LOW PTI,0,2,70.17556281,39.44636577,50.15055977,11.03180134,2.713887114,5.131283889,0,0,1,0
126307,2024-04-02 10:30,4220,수원FC,4639,포항 스틸러스,2,HIGH PTI,0,MID PTI,1,1,66.93793427,18.284211,32.56949283,8.864042486,-15.15157905,-9.557736911,0,1,0,1
126312,2024-04-03 10:30,4644,대구FC,4643,강원FC,0,LOW PTI,0,MID PTI,0,3,40.7786068,7.807932612,17.21225063,-14.41210566,-21.62892148,-20.97730257,0,0,1,0
126309,2024-04-03 10:30,4646,인천 유나이티드,4648,광주FC,1,LOW PTI,2,HIGH PTI,3,2,27.29234179,18.89045075,22.30575335,-22.78873488,-5.540406569,-10.54795105,1,0,0,3
126311,2024-04-03 10:30,4640,전북 현대 모터스,4641,제주SK FC,1,LOW PTI,0,MID PTI,0,2,29.28199422,20.02785723,23.74264689,-19.7183112,-5.469529199,-9.660052349,0,0,1,0
126310,2024-04-03 10:30,2353,김천 상무 프로축구단,316,FC서울,2,HIGH PTI,0,MID PTI,1,5,57.52720261,33.11915336,41.72917126,3.0669675,-1.642191625,-0.465205175,0,0,1,0
126313,2024-04-06 5:00,4220,수원FC,2354,울산 HD FC,2,HIGH PTI,2,HIGH PTI,0,3,39.15087642,13.75675885,21.46675988,-18.92301536,-19.6790312,-20.66046986,0,0,1,0
126314,2024-04-06 7:30,4641,제주SK FC,4646,인천 유나이티드,0,MID PTI,1,LOW PTI,1,0,76.00784722,22.10111734,38.03982905,23.06724135,-8.394514166,-0.375760536,1,0,0,3
126315,2024-04-06 7:30,4648,광주FC,2353,김천 상무 프로축구단,2,HIGH PTI,2,HIGH PTI,1,2,16.57158087,11.68896099,13.71657321,-42.47264055,-22.77712481,-29.48681208,0,0,1,0
126317,2024-04-07 5:00,316,FC서울,4644,대구FC,0,MID PTI,0,LOW PTI,0,0,77.87568548,9.752428633,28.79881025,20.47116707,-20.07443906,-10.29843697,0,1,0,1
126316,2024-04-07 5:00,4643,강원FC,4640,전북 현대 모터스,0,MID PTI,1,LOW PTI,3,2,66.27327219,31.94328201,43.17083782,11.87564322,-0.619668316,2.728671823,1,0,0,3
126318,2024-04-07 7:30,4639,포항 스틸러스,4657,대전 하나 시티즌,0,MID PTI,1,LOW PTI,2,1,53.07913458,26.53985941,35.33073694,0.517721281,-4.215862741,-3.18740361,1,0,0,3
126320,2024-04-13 5:00,4639,포항 스틸러스,316,FC서울,0,MID PTI,0,MID PTI,4,2,48.4814765,23.643241,31.7985963,-4.079936802,-7.112481148,-6.719544245,1,0,0,3
126319,2024-04-13 5:00,4648,광주FC,4640,전북 현대 모터스,2,HIGH PTI,1,LOW PTI,1,2,55.76957089,29.2215374,38.17644433,-3.274650529,-5.2445484,-5.026940957,0,0,1,0
126321,2024-04-13 7:30,4643,강원FC,2354,울산 HD FC,0,MID PTI,2,HIGH PTI,0,4,35.2138804,20.90669944,26.04362598,-19.18374857,-11.65625089,-14.39854001,0,0,1,0
126322,2024-04-13 7:30,2353,김천 상무 프로축구단,4641,제주SK FC,2,HIGH PTI,0,MID PTI,2,0,61.49969132,43.02112384,50.62141405,7.03945621,8.259778855,8.427037623,1,0,0,3
126323,2024-04-14 5:00,4657,대전 하나 시티즌,4220,수원FC,1,LOW PTI,2,HIGH PTI,0,1,40.97040822,10.5494878,19.42819741,-5.754625878,-12.39106676,-11.33983051,0,0,1,0
126324,2024-04-14 7:30,4644,대구FC,4646,인천 유나이티드,0,LOW PTI,1,LOW PTI,1,1,23.34544439,20.6737693,22.64393012,-31.84526807,-8.763084784,-15.54562308,0,1,0,1
126326,2024-04-20 5:00,4641,제주SK FC,4220,수원FC,0,MID PTI,2,HIGH PTI,1,2,60.52045834,16.96684914,29.79080537,7.579852477,-13.52878237,-8.624784219,0,0,1,0
126327,2024-04-20 7:30,2353,김천 상무 프로축구단,4639,포항 스틸러스,2,HIGH PTI,0,MID PTI,0,0,78.33635835,16.85561949,34.53035576,23.87612323,-17.90572549,-7.664020674,0,1,0,1
126328,2024-04-20 7:30,4640,전북 현대 모터스,316,FC서울,1,LOW PTI,0,MID PTI,3,2,47.43227533,25.11968044,32.67969756,-1.568030093,-0.377705985,-0.723001673,1,0,0,3
126329,2024-04-21 5:00,4646,인천 유나이티드,4643,강원FC,1,LOW PTI,0,MID PTI,1,4,60.14912596,37.79637726,46.13144793,10.06804929,13.36551995,13.27774352,0,0,1,0
126330,2024-04-21 7:30,4657,대전 하나 시티즌,4644,대구FC,1,LOW PTI,0,LOW PTI,0,0,62.35890264,25.51976986,37.03997535,15.63386854,2.579215296,6.271947438,0,1,0,1
126331,2024-04-27 5:00,316,FC서울,4657,대전 하나 시티즌,0,MID PTI,1,LOW PTI,1,3,42.33431049,24.15560299,30.53739721,-15.07020792,-5.671264701,-8.559850004,0,0,1,0
126333,2024-04-27 7:30,4643,강원FC,2353,김천 상무 프로축구단,0,MID PTI,2,HIGH PTI,0,1,52.90706512,15.36341187,26.46226914,-1.490563844,-17.19953846,-13.97989685,0,0,1,0
126332,2024-04-27 7:30,4220,수원FC,4648,광주FC,2,HIGH PTI,2,HIGH PTI,2,1,59.11092247,26.95073555,37.28940802,1.037030685,-6.485054495,-4.837821721,1,0,0,3
126334,2024-04-28 5:00,4646,인천 유나이티드,4639,포항 스틸러스,1,LOW PTI,0,MID PTI,0,0,66.51231436,21.96364582,35.35843625,16.4312377,-2.4672115,2.504731846,0,1,0,1
126335,2024-04-28 5:00,4644,대구FC,4640,전북 현대 모터스,0,LOW PTI,1,LOW PTI,2,2,49.01309321,51.61261164,54.01955236,-6.177619247,22.17575755,15.82999915,0,1,0,1
126336,2024-04-28 7:30,4641,제주SK FC,2354,울산 HD FC,0,MID PTI,2,HIGH PTI,1,3,44.91195147,36.53854858,41.00999049,-8.028654398,6.042917073,2.594400902,0,0,1,0
126337,2024-04-30 10:30,2353,김천 상무 프로축구단,4657,대전 하나 시티즌,2,HIGH PTI,1,LOW PTI,0,0,34.37996964,24.96759362,29.02303528,-20.08026548,-9.793751364,-13.17134115,0,1,0,1
126338,2024-04-30 10:30,316,FC서울,4220,수원FC,0,MID PTI,2,HIGH PTI,2,0,64.48162783,18.47799247,32.05689535,7.077109422,-11.34887523,-7.040351869,1,0,0,3
126342,2024-05-01 10:00,4639,포항 스틸러스,4643,강원FC,0,MID PTI,0,MID PTI,4,2,38.25781923,28.62690341,32.96214964,-14.30359407,-2.128818739,-5.555990913,1,0,0,3
126341,2024-05-01 10:00,4648,광주FC,4641,제주SK FC,2,HIGH PTI,0,MID PTI,3,1,68.51988883,27.87862776,40.57124346,9.475667411,-6.58745804,-2.632141833,1,0,0,3
126340,2024-05-01 10:00,4640,전북 현대 모터스,4646,인천 유나이티드,1,LOW PTI,1,LOW PTI,0,3,53.49192558,15.63473368,26.83490227,4.491620158,-9.862652752,-6.56779697,0,0,1,0
126339,2024-05-01 10:00,2354,울산 HD FC,4644,대구FC,2,HIGH PTI,0,LOW PTI,2,1,66.27265585,23.19416764,36.26478012,7.128894385,-13.53831101,-8.754495758,1,0,0,3
126343,2024-05-04 5:30,2354,울산 HD FC,316,FC서울,2,HIGH PTI,0,MID PTI,1,0,60.1759766,20.99393617,32.87614418,1.032215139,-15.73854249,-12.1431317,1,0,0,3
126344,2024-05-04 7:30,4640,전북 현대 모터스,4639,포항 스틸러스,1,LOW PTI,0,MID PTI,0,1,59.81288331,18.92624617,31.14568297,10.81257789,-6.571140258,-2.257016264,0,0,1,0
126345,2024-05-05 5:00,4643,강원FC,4220,수원FC,0,MID PTI,2,HIGH PTI,2,1,62.46483241,9.982944382,24.80508013,8.067203442,-22.58000595,-15.63708586,1,0,0,3
126346,2024-05-05 7:30,4646,인천 유나이티드,2353,김천 상무 프로축구단,1,LOW PTI,2,HIGH PTI,2,2,32.10227434,19.34328205,23.96647015,-17.97880232,-5.087575269,-8.887234255,0,1,0,1
126347,2024-05-06 5:00,4644,대구FC,4641,제주SK FC,0,LOW PTI,0,MID PTI,0,1,63.11632293,29.77730848,40.60578356,7.925610467,0.340454394,2.416230361,0,0,1,0
126348,2024-05-06 7:30,4657,대전 하나 시티즌,4648,광주FC,1,LOW PTI,2,HIGH PTI,1,2,22.94681433,26.3357591,27.00506593,-23.77821977,3.395204532,-3.762961985,0,0,1,0
126349,2024-05-11 7:30,316,FC서울,4646,인천 유나이티드,0,MID PTI,1,LOW PTI,2,1,68.01816897,25.85723385,38.83976301,10.61365056,-3.969633846,-0.257484202,1,0,0,3
126350,2024-05-11 10:00,4648,광주FC,4644,대구FC,2,HIGH PTI,0,LOW PTI,2,3,55.04190344,36.22523045,43.50746438,-4.002317987,1.759144641,0.304079096,0,0,1,0
126351,2024-05-11 10:00,4657,대전 하나 시티즌,4643,강원FC,1,LOW PTI,0,MID PTI,3,3,17.12631957,24.0194236,23.59962042,-29.59871453,1.078869039,-7.168407497,0,1,0,1
126352,2024-05-12 5:00,4220,수원FC,4640,전북 현대 모터스,2,HIGH PTI,1,LOW PTI,3,2,66.44961759,58.75373878,64.38077139,8.375725806,25.31794874,22.25354164,1,0,0,3
126354,2024-05-12 7:30,4641,제주SK FC,4639,포항 스틸러스,0,MID PTI,0,MID PTI,1,1,71.484494,40.4468563,51.29493585,18.54388814,9.951224787,12.87934626,0,1,0,1
126353,2024-05-12 7:30,2353,김천 상무 프로축구단,2354,울산 HD FC,2,HIGH PTI,2,HIGH PTI,2,2,59.72138564,34.13362378,43.12444739,5.261150526,-0.627721198,0.930070956,0,1,0,1
126325,2024-05-15 7:30,2354,울산 HD FC,4648,광주FC,2,HIGH PTI,2,HIGH PTI,1,2,56.14049852,36.08250969,43.69248365,-3.003262946,-0.649968966,-1.326792225,0,0,1,0
126355,2024-05-18 7:30,4646,인천 유나이티드,4657,대전 하나 시티즌,1,LOW PTI,1,LOW PTI,1,0,40.34764707,15.65604945,23.29019021,-9.733429596,-8.774807862,-9.563514189,1,0,0,3
126357,2024-05-18 10:00,4641,제주SK FC,2353,김천 상무 프로축구단,0,MID PTI,2,HIGH PTI,0,1,65.22656265,21.65740158,34.76832645,12.28595679,-8.83822993,-3.647263136,0,0,1,0
126358,2024-05-19 7:30,4644,대구FC,316,FC서울,0,LOW PTI,0,MID PTI,2,1,33.05536726,24.54163617,28.32790604,-22.1353452,-4.895217915,-9.861647162,1,0,0,3
126359,2024-05-19 7:30,2354,울산 HD FC,4643,강원FC,2,HIGH PTI,0,MID PTI,0,1,78.71386776,31.32506519,46.05373325,19.57010629,-5.407413465,1.034457374,0,0,1,0
126356,2024-05-19 7:30,4640,전북 현대 모터스,4648,광주FC,1,LOW PTI,2,HIGH PTI,3,0,30.64716256,21.91127631,25.599178,-18.35314286,-3.586110122,-7.803521235,1,0,0,3
126360,2024-05-19 10:00,4639,포항 스틸러스,4220,수원FC,0,MID PTI,2,HIGH PTI,0,1,52.20819894,36.67365535,43.09360448,-0.353214362,5.917933203,4.575463935,0,0,1,0
126361,2024-05-25 5:00,2353,김천 상무 프로축구단,4640,전북 현대 모터스,2,HIGH PTI,1,LOW PTI,0,0,59.37674205,39.70494175,47.42864172,4.916506932,4.94359677,5.23426529,0,1,0,1
126362,2024-05-25 7:30,4657,대전 하나 시티즌,2354,울산 HD FC,1,LOW PTI,2,HIGH PTI,1,4,50.75173294,6.706920608,19.04548534,4.026698841,-16.23363396,-11.72254258,0,0,1,0
126364,2024-05-25 10:00,4648,광주FC,4646,인천 유나이티드,2,HIGH PTI,1,LOW PTI,1,1,55.88855735,35.92763543,43.50197232,-3.155664074,1.461549625,0.298587034,0,1,0,1
126363,2024-05-25 10:00,316,FC서울,4639,포항 스틸러스,0,MID PTI,0,MID PTI,2,2,64.37745427,28.30095564,39.78217467,6.972935855,-1.525912054,0.684927458,0,1,0,1
126365,2024-05-26 7:30,4643,강원FC,4644,대구FC,0,MID PTI,0,LOW PTI,2,1,61.78737693,34.82941834,44.23345036,7.389747959,2.266468011,3.791284364,1,0,0,3
126366,2024-05-26 10:00,4220,수원FC,4641,제주SK FC,2,HIGH PTI,0,MID PTI,0,1,29.80110706,22.77345696,26.05047351,-28.27278473,-10.66233308,-16.07675623,0,0,1,0
126368,2024-05-28 10:30,316,FC서울,2353,김천 상무 프로축구단,0,MID PTI,2,HIGH PTI,0,0,67.08648712,29.82139108,41.71632368,9.68196871,-0.00547662,2.619076463,0,1,0,1
126367,2024-05-28 10:30,4639,포항 스틸러스,4648,광주FC,0,MID PTI,2,HIGH PTI,1,0,22.46263103,10.01864425,13.99437376,-30.09878227,-20.7370779,-24.52376678,1,0,0,3
126369,2024-05-29 10:30,2354,울산 HD FC,4646,인천 유나이티드,2,HIGH PTI,1,LOW PTI,1,1,64.77199609,24.20294234,36.65441616,5.628234626,-12.52953631,-8.364859721,0,1,0,1
126372,2024-05-29 10:30,4640,전북 현대 모터스,4643,강원FC,1,LOW PTI,0,MID PTI,1,2,45.66003769,18.14692549,26.69573038,-3.340267729,-7.350460939,-6.706968861,0,0,1,0
126370,2024-05-29 10:30,4641,제주SK FC,4657,대전 하나 시티즌,0,MID PTI,1,LOW PTI,1,0,47.48434273,17.49980825,26.67925347,-5.456263139,-12.99582326,-11.73633612,1,0,0,3
126371,2024-05-29 10:30,4644,대구FC,4220,수원FC,0,LOW PTI,2,HIGH PTI,0,2,74.45252826,29.20054435,43.22215613,19.2618158,-0.236309739,5.032602921,0,0,1,0
126373,2024-06-01 7:30,4640,전북 현대 모터스,2354,울산 HD FC,1,LOW PTI,2,HIGH PTI,0,1,48.28633291,21.18134556,29.80248625,-0.713972511,-4.316040873,-3.60021299,0,0,1,0
126375,2024-06-01 10:00,4639,포항 스틸러스,2353,김천 상무 프로축구단,0,MID PTI,2,HIGH PTI,1,3,33.06646299,18.97053667,23.93350694,-19.49495031,-11.78518548,-14.58463361,0,0,1,0
126374,2024-06-01 10:00,4646,인천 유나이티드,4220,수원FC,1,LOW PTI,2,HIGH PTI,1,3,60.95646674,12.00744476,25.9943654,10.87539008,-12.42341256,-6.859339,0,0,1,0
126376,2024-06-02 7:30,4644,대구FC,4657,대전 하나 시티즌,0,LOW PTI,1,LOW PTI,0,1,69.42887178,26.14329802,39.44780059,14.23815933,-3.293556071,1.258247384,0,0,1,0
126377,2024-06-02 7:30,4643,강원FC,4641,제주SK FC,0,MID PTI,0,MID PTI,2,1,65.99473651,39.08340935,48.73124431,11.59710754,6.520459022,8.289078312,1,0,0,3
126378,2024-06-02 10:00,4648,광주FC,316,FC서울,2,HIGH PTI,0,MID PTI,2,1,76.67110967,20.65356572,37.07695678,17.62688824,-13.81252008,-6.126428509,1,0,0,3
126379,2024-06-15 9:00,4657,대전 하나 시티즌,4639,포항 스틸러스,1,LOW PTI,0,MID PTI,1,1,45.01375406,13.23977152,22.6472781,-1.711280037,-9.700783042,-8.120749807,0,1,0,1
126380,2024-06-15 10:00,2353,김천 상무 프로축구단,4648,광주FC,2,HIGH PTI,2,HIGH PTI,0,2,33.92879842,25.17411982,29.06380338,-20.5314367,-9.587225157,-13.13057305,0,0,1,0
126381,2024-06-15 11:00,4220,수원FC,4643,강원FC,2,HIGH PTI,0,MID PTI,1,3,50.59466478,38.19588679,43.85794039,-7.479227002,4.760096745,1.730710652,0,0,1,0
126383,2024-06-16 9:00,4646,인천 유나이티드,4640,전북 현대 모터스,1,LOW PTI,1,LOW PTI,2,2,43.82962413,32.37439443,37.42985702,-6.251452532,7.943537112,4.576152615,0,1,0,1
126382,2024-06-16 9:00,316,FC서울,2354,울산 HD FC,0,MID PTI,2,HIGH PTI,2,2,58.99467224,43.07503845,49.98521719,1.590153831,13.24817076,10.88796997,0,1,0,1
126384,2024-06-16 10:00,4641,제주SK FC,4644,대구FC,0,MID PTI,0,LOW PTI,0,1,61.39483929,16.86875495,29.95029704,8.454233426,-13.62687656,-8.465292543,0,0,1,0
126385,2024-06-22 9:00,4640,전북 현대 모터스,4644,대구FC,1,LOW PTI,0,LOW PTI,0,3,31.31229104,18.74609173,23.2810415,-17.68801438,-6.751294698,-10.12165774,0,0,1,0
126387,2024-06-22 10:00,2353,김천 상무 프로축구단,4643,강원FC,2,HIGH PTI,0,MID PTI,3,2,50.21139546,27.48132278,35.29682247,-4.248839658,-7.280022201,-6.897553958,1,0,0,3
126386,2024-06-22 10:00,4648,광주FC,4657,대전 하나 시티즌,2,HIGH PTI,1,LOW PTI,1,2,58.46344782,11.16425342,24.65331232,-0.580773598,-23.30183238,-18.55007297,0,0,1,0
126388,2024-06-22 11:00,4220,수원FC,316,FC서울,2,HIGH PTI,0,MID PTI,0,3,37.83879319,25.54474801,30.41579061,-20.23509859,-7.89104203,-11.71143913,0,0,1,0
126390,2024-06-23 9:00,2354,울산 HD FC,4641,제주SK FC,2,HIGH PTI,0,MID PTI,3,2,57.16910334,39.20517966,46.4359916,-1.974658125,2.472701002,1.416715717,1,0,0,3
126389,2024-06-23 9:00,4639,포항 스틸러스,4646,인천 유나이티드,0,MID PTI,1,LOW PTI,3,1,66.40598309,75.03773674,77.22230753,13.84456979,44.28201459,38.70416698,1,0,0,3
126392,2024-06-25 10:30,4657,대전 하나 시티즌,2353,김천 상무 프로축구단,1,LOW PTI,2,HIGH PTI,0,2,59.361887,15.59192498,28.39162072,12.6368529,-7.348629588,-2.376407193,0,0,1,0
126391,2024-06-25 10:30,4648,광주FC,4220,수원FC,2,HIGH PTI,2,HIGH PTI,0,1,37.68845875,18.09884156,24.4978197,-21.35576267,-16.36724425,-18.70556558,0,0,1,0
126393,2024-06-26 10:30,4644,대구FC,2354,울산 HD FC,0,LOW PTI,2,HIGH PTI,0,1,58.37670337,25.99831473,36.33869693,3.185990909,-3.438539358,-1.850856275,0,0,1,0
126396,2024-06-26 10:30,4646,인천 유나이티드,4641,제주SK FC,1,LOW PTI,0,MID PTI,0,1,42.38244109,13.0513073,21.78554543,-7.698635572,-11.37955001,-11.06815897,0,0,1,0
126395,2024-06-26 10:30,4643,강원FC,316,FC서울,0,MID PTI,0,MID PTI,0,2,67.6791562,18.04259683,32.57962027,13.28152723,-14.5203535,-7.862545724,0,0,1,0
126394,2024-06-26 10:30,4639,포항 스틸러스,4640,전북 현대 모터스,0,MID PTI,1,LOW PTI,1,1,71.11174145,24.4918529,38.60026011,18.55032815,-6.263869248,0.082119559,0,1,0,1
126397,2024-06-29 9:00,4644,대구FC,2353,김천 상무 프로축구단,0,LOW PTI,2,HIGH PTI,0,2,60.40240366,22.58780753,34.19557801,5.211691198,-6.849046557,-3.993975195,0,0,1,0
126398,2024-06-29 10:00,316,FC서울,4640,전북 현대 모터스,0,MID PTI,1,LOW PTI,5,1,55.2912051,45.82701263,51.15393679,-2.113313308,16.00014493,12.05668958,1,0,0,3
126399,2024-06-29 11:00,4220,수원FC,4657,대전 하나 시티즌,2,HIGH PTI,1,LOW PTI,2,0,91.47418758,35.14233567,52.52429927,33.40029579,1.706545625,10.39706953,1,0,0,3
126400,2024-06-30 9:00,2354,울산 HD FC,4639,포항 스틸러스,2,HIGH PTI,0,MID PTI,1,2,86.40209669,21.08811718,40.05664006,27.25833522,-15.64436148,-4.962635818,0,0,1,0
126402,2024-06-30 10:00,4643,강원FC,4646,인천 유나이티드,0,MID PTI,1,LOW PTI,1,0,42.41484975,38.16120403,41.61418453,-11.98277922,5.598253699,1.172018533,1,0,0,3
126401,2024-06-30 10:00,4641,제주SK FC,4648,광주FC,0,MID PTI,2,HIGH PTI,1,2,66.4589325,23.37797969,36.46034048,13.51832663,-7.117651823,-1.955249108,0,0,1,0
126403,2024-07-05 10:30,2353,김천 상무 프로축구단,4646,인천 유나이티드,2,HIGH PTI,1,LOW PTI,1,1,61.11125477,28.93173494,39.39506393,6.651019651,-5.829610035,-2.799312499,0,1,0,1
126404,2024-07-05 10:30,2354,울산 HD FC,4220,수원FC,2,HIGH PTI,2,HIGH PTI,1,1,60.81950012,15.55666433,28.75873942,1.675738657,-21.17581432,-16.26053646,0,1,0,1
126405,2024-07-06 10:00,316,FC서울,4641,제주SK FC,0,MID PTI,0,MID PTI,2,3,64.06696898,32.33060905,42.87875078,6.662450566,2.503741357,3.781503561,0,0,1,0
126406,2024-07-06 10:30,4639,포항 스틸러스,4644,대구FC,0,MID PTI,0,LOW PTI,3,3,63.38733278,22.97471095,35.30975846,10.82591948,-7.781011192,-3.208382086,0,1,0,1
126408,2024-07-07 10:00,4648,광주FC,4643,강원FC,2,HIGH PTI,0,MID PTI,0,2,39.90175526,30.50264082,34.88815154,-19.14246616,-3.963444982,-8.315233745,0,0,1,0
126407,2024-07-07 10:00,4640,전북 현대 모터스,4657,대전 하나 시티즌,1,LOW PTI,1,LOW PTI,2,2,59.19160091,15.0328235,27.90416796,10.19129549,-10.46456293,-5.498531279,0,1,0,1
126410,2024-07-09 10:30,4220,수원FC,2353,김천 상무 프로축구단,2,HIGH PTI,2,HIGH PTI,3,2,47.5061345,17.61919458,26.77939267,-10.56775728,-15.81659546,-15.34783707,1,0,0,3
126409,2024-07-09 10:30,4646,인천 유나이티드,4644,대구FC,1,LOW PTI,0,LOW PTI,0,0,63.7186889,18.4672533,31.84169484,13.63761223,-5.963604018,-1.012009559,0,1,0,1
126412,2024-07-10 10:30,4643,강원FC,4639,포항 스틸러스,0,MID PTI,0,MID PTI,0,2,61.80132977,19.34038053,32.0113533,7.403700798,-13.2225698,-8.430812689,0,0,1,0
126414,2024-07-10 10:30,4657,대전 하나 시티즌,316,FC서울,1,LOW PTI,0,MID PTI,1,2,61.40103289,19.47467955,32.00889549,14.67599879,-3.465875011,1.240867579,0,0,1,0
126413,2024-07-10 10:30,4641,제주SK FC,4640,전북 현대 모터스,0,MID PTI,1,LOW PTI,1,2,67.86498345,21.65915931,35.48461303,14.92437759,-8.836472201,-2.930976562,0,0,1,0
126411,2024-07-10 10:30,4648,광주FC,2354,울산 HD FC,2,HIGH PTI,2,HIGH PTI,1,0,81.79712152,35.96291552,50.5499322,22.7529001,1.496829718,7.346546913,1,0,0,3
126415,2024-07-13 10:00,316,FC서울,2354,울산 HD FC,0,MID PTI,2,HIGH PTI,0,1,50.34141891,11.74903505,22.91417246,-7.063099497,-18.07783265,-16.18307476,0,0,1,0
126416,2024-07-13 10:30,4643,강원FC,4657,대전 하나 시티즌,0,MID PTI,1,LOW PTI,1,1,37.09220132,19.91697413,25.77135611,-17.30542765,-12.6459762,-14.67080988,0,1,0,1
126417,2024-07-13 10:30,4639,포항 스틸러스,4641,제주SK FC,0,MID PTI,0,MID PTI,1,2,38.31948526,22.88837322,28.44929578,-14.24192804,-7.867348927,-10.06884477,0,0,1,0
126419,2024-07-14 10:00,4644,대구FC,4220,수원FC,0,LOW PTI,2,HIGH PTI,2,2,58.8997465,20.42661157,32.08253719,3.70903404,-9.010242519,-6.10701601,0,1,0,1
126420,2024-07-14 10:00,4640,전북 현대 모터스,2353,김천 상무 프로축구단,1,LOW PTI,2,HIGH PTI,0,4,0,0,0,-49.00030542,-25.49738643,-33.40269924,0,0,1,0
126418,2024-07-14 10:00,4646,인천 유나이티드,4648,광주FC,1,LOW PTI,2,HIGH PTI,2,0,55.67131512,42.2097732,48.40175449,5.590238453,17.77891589,15.54805009,1,0,0,3
126421,2024-07-20 10:00,2354,울산 HD FC,4640,전북 현대 모터스,2,HIGH PTI,1,LOW PTI,0,2,54.25622296,20.9396238,31.22927413,-4.887538506,-15.79285485,-13.79000175,0,0,1,0
126422,2024-07-20 10:30,4641,제주SK FC,4643,강원FC,0,MID PTI,0,MID PTI,0,4,50.05972564,30.356964,37.52554063,-2.880880223,-0.138667513,-0.890048958,0,0,1,0
126426,2024-07-21 10:00,4639,포항 스틸러스,4657,대전 하나 시티즌,0,MID PTI,1,LOW PTI,2,1,49.3886129,29.56729862,36.72039553,-3.172800399,-1.188423525,-1.797745019,1,0,0,3
126424,2024-07-21 10:00,4648,광주FC,4644,대구FC,2,HIGH PTI,0,LOW PTI,1,0,56.10226749,18.27992322,29.63010627,-2.941953929,-16.18616258,-13.57327902,1,0,0,3
126423,2024-07-21 10:00,4220,수원FC,4646,인천 유나이티드,2,HIGH PTI,1,LOW PTI,4,1,48.65947544,32.430714,38.7829945,-9.414416345,-1.005076044,-3.344235238,1,0,0,3
126425,2024-07-21 10:00,2353,김천 상무 프로축구단,316,FC서울,2,HIGH PTI,0,MID PTI,0,1,44.61347389,14.85784595,23.81600516,-9.846761228,-19.90349903,-18.37837127,0,0,1,0
126428,2024-07-26 10:30,4640,전북 현대 모터스,4643,강원FC,1,LOW PTI,0,MID PTI,2,4,53.13661416,8.307742481,20.9552541,4.136308738,-17.18964395,-12.44744513,0,0,1,0
126427,2024-07-26 10:30,2354,울산 HD FC,4641,제주SK FC,2,HIGH PTI,0,MID PTI,0,1,68.3695168,23.52916644,37.0973625,9.225755332,-13.20331221,-7.92191338,0,0,1,0
126429,2024-07-27 10:00,4220,수원FC,4648,광주FC,2,HIGH PTI,2,HIGH PTI,0,1,51.94703506,24.30214972,33.25770723,-6.126856722,-9.133640323,-8.869522509,0,0,1,0
126431,2024-07-27 10:30,316,FC서울,4646,인천 유나이티드,0,MID PTI,1,LOW PTI,1,0,61.1207113,21.45273513,33.49426814,3.716192885,-8.374132567,-5.602979073,1,0,0,3
126430,2024-07-27 10:30,4657,대전 하나 시티즌,4644,대구FC,1,LOW PTI,0,LOW PTI,1,1,61.20903556,23.98207378,35.51466931,14.48400147,1.041519217,4.746641402,0,1,0,1
126432,2024-07-28 10:00,2353,김천 상무 프로축구단,4639,포항 스틸러스,2,HIGH PTI,0,MID PTI,2,1,62.50994587,19.72866559,32.50984088,8.049710753,-15.03267939,-9.684535553,1,0,0,3
126434,2024-08-09 10:30,4643,강원FC,2353,김천 상무 프로축구단,0,MID PTI,2,HIGH PTI,2,1,73.50073752,19.54853109,35.34569061,19.10310855,-13.01441924,-5.096475386,1,0,0,3
126433,2024-08-09 10:30,4648,광주FC,4640,전북 현대 모터스,2,HIGH PTI,1,LOW PTI,1,0,72.69194454,24.14726976,38.75643961,13.64772312,-10.31881604,-4.446945676,1,0,0,3
126435,2024-08-10 10:00,4644,대구FC,2354,울산 HD FC,0,LOW PTI,2,HIGH PTI,0,1,25.55078205,28.17077191,29.15905042,-29.63993041,-1.26608218,-9.030502783,0,0,1,0
126436,2024-08-10 10:30,4646,인천 유나이티드,4641,제주SK FC,1,LOW PTI,0,MID PTI,1,0,58.39369398,23.07171837,34.03326633,8.312617314,-1.359138948,1.179561923,1,0,0,3
126437,2024-08-10 10:30,4657,대전 하나 시티즌,4220,수원FC,1,LOW PTI,2,HIGH PTI,2,1,45.40525812,21.47289289,29.25196371,-1.319775976,-1.467661671,-1.516064201,1,0,0,3
126438,2024-08-11 10:00,316,FC서울,4639,포항 스틸러스,0,MID PTI,0,MID PTI,2,1,80.87733017,23.05046511,40.10859409,23.47281176,-6.776402589,1.011346871,1,0,0,3
126439,2024-08-16 10:30,2353,김천 상무 프로축구단,4644,대구FC,2,HIGH PTI,0,LOW PTI,0,3,46.11842733,37.48561034,42.08443292,-8.34180778,2.724265362,-0.109943509,0,0,1,0
126440,2024-08-16 10:30,4641,제주SK FC,316,FC서울,0,MID PTI,0,MID PTI,0,1,27.11783838,28.16600573,29.57989358,-25.82276748,-2.329625778,-8.835696004,0,0,1,0
126441,2024-08-17 10:00,4639,포항 스틸러스,4640,전북 현대 모터스,0,MID PTI,1,LOW PTI,1,2,40.90210942,17.36018348,24.7855406,-11.65930388,-13.39553866,-13.73259995,0,0,1,0
126442,2024-08-17 10:30,4646,인천 유나이티드,4657,대전 하나 시티즌,1,LOW PTI,1,LOW PTI,1,2,61.29255151,26.37549355,37.42648352,11.21147484,1.944636229,4.572779118,0,0,1,0
126443,2024-08-18 10:00,4220,수원FC,2354,울산 HD FC,2,HIGH PTI,2,HIGH PTI,2,1,24.42592011,30.68029882,30.83509214,-33.64797167,-2.755491224,-11.2921376,1,0,0,3
126444,2024-08-18 10:00,4648,광주FC,4643,강원FC,2,HIGH PTI,0,MID PTI,2,3,58.25732689,26.16356656,36.43678834,-0.78689453,-8.302519241,-6.766596949,0,0,1,0
126445,2024-08-24 10:00,4644,대구FC,4639,포항 스틸러스,0,LOW PTI,0,MID PTI,2,1,54.28874251,18.64305775,29.42534958,-0.901969949,-10.79379634,-8.76420362,1,0,0,3
126446,2024-08-24 10:30,4640,전북 현대 모터스,4646,인천 유나이티드,1,LOW PTI,1,LOW PTI,1,0,26.10198871,7.550478014,13.03229981,-22.89831671,-17.94690842,-20.37039943,1,0,0,3
126447,2024-08-24 10:30,4643,강원FC,316,FC서울,0,MID PTI,0,MID PTI,0,2,46.03862497,26.97699315,33.76810044,-8.359003996,-5.585957183,-6.674065552,0,0,1,0
126450,2024-08-25 10:00,4657,대전 하나 시티즌,2353,김천 상무 프로축구단,1,LOW PTI,2,HIGH PTI,2,2,54.47361758,35.73358006,42.96541151,7.748583485,12.79302549,12.1973836,0,1,0,1
126449,2024-08-25 10:00,4641,제주SK FC,4220,수원FC,0,MID PTI,2,HIGH PTI,0,5,44.2442087,31.36191769,36.74301896,-8.696397165,0.866286182,-1.672570627,0,0,1,0
126448,2024-08-25 10:00,2354,울산 HD FC,4648,광주FC,2,HIGH PTI,2,HIGH PTI,1,0,26.80678205,37.78065027,37.08468552,-32.33697941,1.048171611,-7.934590361,1,0,0,3
126451,2024-08-31 10:00,4639,포항 스틸러스,2354,울산 HD FC,0,MID PTI,2,HIGH PTI,4,5,27.57038592,29.67315528,30.89214473,-24.99102738,-1.08256687,-7.625995818,0,0,1,0
126452,2024-08-31 10:30,4646,인천 유나이티드,4644,대구FC,1,LOW PTI,0,LOW PTI,2,1,60.43368354,30.67180767,40.58495323,10.35260687,6.240950354,7.731248824,1,0,0,3
126453,2024-09-01 9:00,2353,김천 상무 프로축구단,4641,제주SK FC,2,HIGH PTI,0,MID PTI,0,1,44.61428936,38.64496694,42.59198449,-9.845945758,3.883621956,0.397608063,0,0,1,0
126456,2024-09-01 10:00,4220,수원FC,4643,강원FC,2,HIGH PTI,0,MID PTI,2,2,24.75483314,25.35072026,26.71744635,-33.31905864,-8.08506978,-15.40978339,0,1,0,1
126454,2024-09-01 10:00,316,FC서울,4640,전북 현대 모터스,0,MID PTI,1,LOW PTI,0,0,48.6019581,16.17535314,25.9366545,-8.802560314,-13.65151456,-13.16059272,0,1,0,1
126455,2024-09-01 10:00,4648,광주FC,4657,대전 하나 시티즌,2,HIGH PTI,1,LOW PTI,0,2,47.20349507,26.18516885,33.45872405,-11.84072635,-8.280916954,-9.744661237,0,0,1,0
126458,2024-09-13 10:30,4639,포항 스틸러스,4648,광주FC,0,MID PTI,2,HIGH PTI,1,2,43.23751833,20.69021384,28.04681118,-9.323894971,-10.06550831,-10.47132936,0,0,1,0
126457,2024-09-13 10:30,4643,강원FC,2354,울산 HD FC,0,MID PTI,2,HIGH PTI,0,2,36.97972753,18.00652058,24.23291265,-17.41790144,-14.55642975,-16.20925334,0,0,1,0
126459,2024-09-14 7:30,4657,대전 하나 시티즌,316,FC서울,1,LOW PTI,0,MID PTI,3,2,21.03784942,15.2736228,17.75620244,-25.68718468,-7.666931766,-13.01182547,1,0,0,3
126461,2024-09-14 10:00,4640,전북 현대 모터스,4220,수원FC,1,LOW PTI,2,HIGH PTI,6,0,61.06095104,34.50762549,43.78262102,12.06064562,9.010239057,10.37992179,1,0,0,3
126460,2024-09-14 10:00,4644,대구FC,4641,제주SK FC,0,LOW PTI,0,MID PTI,4,0,51.51383402,38.25418082,44.15300884,-3.676878439,8.81732673,5.963455635,1,0,0,3
126462,2024-09-15 7:30,4646,인천 유나이티드,2353,김천 상무 프로축구단,1,LOW PTI,2,HIGH PTI,0,2,54.08469034,35.11361963,42.37067889,4.003613674,10.68276231,9.516974487,0,0,1,0
126463,2024-09-21 7:30,2353,김천 상무 프로축구단,4220,수원FC,2,HIGH PTI,2,HIGH PTI,4,2,83.3330925,30.50376744,46.65707506,28.87285738,-4.257577544,4.462698629,1,0,0,3
126464,2024-09-21 10:00,316,FC서울,4644,대구FC,0,MID PTI,0,LOW PTI,1,1,68.60640866,29.55161376,41.91521553,11.20189025,-0.275253938,2.817968315,0,1,0,1
126466,2024-09-22 7:30,4641,제주SK FC,4648,광주FC,0,MID PTI,2,HIGH PTI,2,0,44.89693329,32.95358375,38.17622048,-8.043672574,2.457952236,-0.23936911,1,0,0,3
126465,2024-09-22 7:30,4643,강원FC,4639,포항 스틸러스,0,MID PTI,0,MID PTI,1,2,45.36833058,27.70127053,34.15816926,-9.029298384,-4.861679796,-6.283996737,0,0,1,0
126468,2024-09-22 10:00,4640,전북 현대 모터스,4657,대전 하나 시티즌,1,LOW PTI,1,LOW PTI,0,0,22.71628274,11.56663413,15.28496893,-26.28402268,-13.9307523,-18.1177303,0,1,0,1
126467,2024-09-22 10:00,2354,울산 HD FC,4646,인천 유나이티드,2,HIGH PTI,1,LOW PTI,0,0,65.10988851,26.09787679,38.24168882,5.966127047,-10.63460186,-6.777587064,0,1,0,1
126470,2024-09-27 10:30,2354,울산 HD FC,4657,대전 하나 시티즌,2,HIGH PTI,1,LOW PTI,1,0,31.90870105,29.66543561,32.0615492,-27.23506042,-7.067043049,-12.95772668,1,0,0,3
126469,2024-09-27 10:30,4646,인천 유나이티드,4639,포항 스틸러스,1,LOW PTI,0,MID PTI,0,1,47.89384824,0.814975559,13.62046402,-2.187228428,-23.61588176,-19.23324038,0,0,1,0
126471,2024-09-28 7:30,4644,대구FC,4643,강원FC,0,LOW PTI,0,MID PTI,1,1,41.85921784,30.08552342,35.08929915,-13.33149462,0.648669336,-3.100254049,0,1,0,1
126472,2024-09-28 10:00,4641,제주SK FC,4640,전북 현대 모터스,0,MID PTI,1,LOW PTI,1,2,25.62947323,9.886813703,14.74839543,-27.31113263,-20.60881781,-23.66719416,0,0,1,0
126473,2024-09-28 10:00,4648,광주FC,2353,김천 상무 프로축구단,2,HIGH PTI,2,HIGH PTI,0,2,88.82735532,28.1973454,46.3252697,29.7831339,-6.268740406,3.121884415,0,0,1,0
126474,2024-09-29 7:30,4220,수원FC,316,FC서울,2,HIGH PTI,0,MID PTI,0,1,30.57164672,7.485797215,14.19233176,-27.50224506,-25.94999283,-27.93489798,0,0,1,0
126475,2024-10-06 6:00,2353,김천 상무 프로축구단,2354,울산 HD FC,2,HIGH PTI,2,HIGH PTI,1,2,23.30589886,20.49844777,22.49482939,-31.15433625,-14.26289721,-19.69954704,0,0,1,0
126477,2024-10-06 6:00,4640,전북 현대 모터스,4644,대구FC,1,LOW PTI,0,LOW PTI,3,4,61.57456326,37.16976787,46.02308228,12.57425784,11.67238144,12.62038304,0,0,1,0
126476,2024-10-06 6:00,316,FC서울,4648,광주FC,0,MID PTI,2,HIGH PTI,1,3,22.34691038,9.536838127,13.58271702,-35.05760803,-20.29002957,-25.51453019,0,0,1,0
126478,2024-10-06 6:00,4643,강원FC,4646,인천 유나이티드,0,MID PTI,1,LOW PTI,3,1,27.91679712,51.6681934,48.34723074,-26.48083185,19.10524307,7.905064742,1,0,0,3
126479,2024-10-06 6:00,4657,대전 하나 시티즌,4641,제주SK FC,1,LOW PTI,0,MID PTI,1,2,44.05484598,5.916360877,16.60690729,-2.67018812,-17.02419369,-14.16112063,0,0,1,0
126480,2024-10-06 6:00,4220,수원FC,4639,포항 스틸러스,2,HIGH PTI,0,MID PTI,1,1,48.71263804,26.76159851,34.32262731,-9.361253745,-6.674191532,-7.804602433,0,1,0,1
